{"cameraMode":{"drawMode":0,"name":"Shaded","section":"Shading Mode"},"sceneLighting":true,"audioPlay":false,"sceneViewState":{"m_AlwaysRefresh":false,"showFog":true,"showSkybox":true,"showFlares":true,"showImageEffects":true,"showParticleSystems":true,"showVisualEffectGraphs":true,"m_FxEnabled":true},"in2DMode":false,"pivot":{"x":347.98406982421877,"y":260.0799865722656,"z":-383.1835632324219},"rotation":{"x":0.0928579568862915,"y":0.010253660380840302,"z":0.000016350670193787664,"w":0.9964139461517334},"size":1.8877060413360596,"orthographic":false}